hospital_id,hospital_name,normalized_name,alternate_names,name_language,name_is_generic,governorate,district,latitude,longitude,coordinate_status,coordinate_source,coord_uncertainty_km,entity_type,facility_category,maternal_relevance,maternal_service_fit,existence_status,confidence_level,confidence_rank,has_official_source,n_distinct_sources,primary_source,sources,address_clean,address_inferred,phone_primary,phone_all,phone_type,has_phone,review_flag,quality_flags,reliability_score,location_score,contact_score,maternal_priority_score,is_delivery_candidate,rank_overall,rank_in_governorate
MIN001,مستشفى النساء والتوليد والأطفال الجامعي بالمنيا,مستشفي النساء والتوليد والاطفال الجامعي بالمنيا,مستشفى سوزان مبارك الجامعي للنساء والأطفال | جامعة المنيا,ar,False,Minya,Minya,28.111588,30.748114,native_osm,OSM,0.05,women_hospital,university_maternal_hospital,likely,50,official_listed,high,3,True,2,University Hospitals,OSM | University Hospitals,طريق كورنيش النيل - مجمع المستشفيات الجامعية,False,086-2342501,086-2342501,landline,True,False,none,20.0,10.0,10,100.0,True,1,1
MIN002,مستشفى المنيا الجامعي الرئيسي,مستشفي المنيا الجامعي الرئيسي,مستشفى جامعة المنيا العام,ar,False,Minya,Minya,28.101108,30.754509,native_osm,OSM,0.05,university_hospital,university_general_hospital,likely,40,official_listed,high,3,True,2,University Hospitals,OSM | University Hospitals,شارع كورنيش النيل - أمام مبنى المحافظة,False,086-2342502,086-2342502,landline,True,False,none,20.0,10.0,10,90.0,True,2,2
MIN003,مستشفى المنيا العام,مستشفي المنيا العام,مستشفى المنيا الأميري,ar,False,Minya,Minya,28.091271,30.764313,native_osm,OSM,0.05,general_hospital,public_general_hospital,likely,35,official_listed,high,3,True,2,MOHP,MOHP | OSM,شارع الحرية - حي شمال المنيا,False,086-2363025,086-2363025,landline,True,False,none,20.0,10.0,10,85.0,True,3,3
MIN004,مستشفى التأمين الصحي (المبرة) بالمنيا,مستشفي التامين الصحي (المبره) بالمنيا,مستشفى مبرة المنيا,ar,False,Minya,Minya,28.101108,30.754509,native_osm,OSM,0.05,hospital_unspecified,public_general_hospital,likely,30,official_listed,high,3,True,2,MOHP,MOHP | OSM,شارع طه حسين - المنيا,False,086-2363380,086-2363380,landline,True,False,none,20.0,10.0,10,75.0,True,12,12
MIN005,مستشفى سمالوط التخصصي,مستشفي سمالوط التخصصي,مستشفى سمالوط النموذجي | سمالوط المركزي سابقاً,ar,False,Minya,Samalut,28.312,30.71,geocoded_osm,MOHP,0.3,general_hospital,public_general_hospital,likely,35,official_listed,medium,2,True,1,MOHP,MOHP,شارع المحطة - سمالوط,False,086-3780777,086-3780777,landline,True,False,approx_coordinates,13.3,9.8,10,78.1,True,4,4
MIN006,مستشفى ملوي التخصصي,مستشفي ملوي التخصصي,مستشفى ملوي النموذجي | ملوي المركزي سابقاً,ar,False,Minya,Mallawi,27.7315,30.842,geocoded_osm,MOHP,0.3,general_hospital,public_general_hospital,likely,35,official_listed,medium,2,True,1,MOHP,MOHP,شارع المجيدي - ملوي,False,086-2612777,086-2612777,landline,True,False,approx_coordinates,13.3,9.8,10,78.1,True,5,5
MIN007,مستشفى مغاغة المركزي,مستشفي مغاغه المركزي,مستشفى مغاغة العام,ar,False,Minya,Maghagha,28.648,30.84,geocoded_osm,MOHP,0.5,central_hospital,public_general_hospital,likely,35,official_listed,medium,2,True,1,MOHP,MOHP,شارع الجمهورية - مغاغة,False,086-3550777,086-3550777,landline,True,False,approx_coordinates,13.3,9.8,10,78.1,True,6,6
MIN008,مستشفى بني مزار المركزي,مستشفي بني مزار المركزي,مستشفى بني مزار العام,ar,False,Minya,Bani Mazar,28.502,30.801,geocoded_osm,MOHP,0.5,central_hospital,public_general_hospital,likely,35,official_listed,medium,2,True,1,MOHP,MOHP,شارع العاشر من رمضان - بني مزار,False,086-3820777,086-3820777,landline,True,False,approx_coordinates,13.3,9.8,10,78.1,True,7,7
MIN009,مستشفى مطاي المركزي,مستشفي مطاي المركزي,مستشفى مطاي العام,ar,False,Minya,Matay,28.418,30.752,geocoded_osm,MOHP,0.5,central_hospital,public_general_hospital,likely,35,official_listed,medium,2,True,1,MOHP,MOHP,شارع المحطة - مطاي,False,086-3920777,086-3920777,landline,True,False,approx_coordinates,13.3,9.8,10,78.1,True,8,8
MIN010,مستشفى الفكرية المركزي بأبو قرقاص,مستشفي الفكريه المركزي بابو قرقاص,مستشفى أبو قرقاص المركزي,ar,False,Minya,Abu Qurqas,27.931,30.835,geocoded_osm,MOHP,0.5,central_hospital,public_general_hospital,likely,35,official_listed,medium,2,True,1,MOHP,MOHP,شارع الجمهورية - الفكرية,False,086-2420777,086-2420777,landline,True,False,approx_coordinates,13.3,9.8,10,78.1,True,9,9
MIN011,مستشفى دير مواس المركزي,مستشفي دير مواس المركزي,مستشفى دير مواس التخصصي,ar,False,Minya,Deir Mawas,27.639,30.852,geocoded_osm,MOHP,0.5,central_hospital,public_general_hospital,likely,35,official_listed,medium,2,True,1,MOHP,MOHP,شارع الجيش - دير مواس,False,086-2710777,086-2710777,landline,True,False,approx_coordinates,13.3,9.8,10,78.1,True,10,10
MIN012,مستشفى العدوة المركزي,مستشفي العدوه المركزي,مستشفى العدوة العام,ar,False,Minya,El Adwa,28.698,30.751,geocoded_osm,MOHP,0.5,central_hospital,public_general_hospital,likely,35,official_listed,medium,2,True,1,MOHP,MOHP,طريق بنك مصر - العدوة,False,086-3590777,086-3590777,landline,True,False,approx_coordinates,13.3,9.8,10,78.1,True,11,11
MIN013,مستشفى حميات المنيا,مستشفي حميات المنيا,حميات المنيا,ar,False,Minya,Minya,28.091669,30.76456,native_osm,OSM,0.05,fever_hospital,specialty_hospital_non_maternal,unlikely,0,official_listed,high,3,True,2,MOHP,MOHP | OSM,حي جنوب - المنيا,False,086-2363190,086-2363190,landline,True,False,none,20.0,10.0,10,40.0,False,,
MIN014,مستشفى صدر المنيا,مستشفي صدر المنيا,صدر المنيا,ar,False,Minya,Minya,28.091271,30.764313,native_osm,OSM,0.05,chest_hospital,specialty_hospital_non_maternal,unlikely,0,official_listed,high,3,True,2,MOHP,MOHP | OSM,شارع التنظيم والادارة - المنيا,False,086-2363400,086-2363400,landline,True,False,none,20.0,10.0,10,40.0,False,,
MIN015,مستشفى رمد المنيا,مستشفي رمد المنيا,مستشفى الرمد وجراحة العيون بالمنيا,ar,False,Minya,Minya,28.091271,30.764313,native_osm,OSM,0.05,eye_hospital,specialty_hospital_non_maternal,unlikely,0,official_listed,high,3,True,2,MOHP,MOHP | OSM,شارع سعد زغلول - المنيا,False,086-2363210,086-2363210,landline,True,False,none,20.0,10.0,10,40.0,False,,
MIN016,مستوصف الجمعية الشرعية,مستوصف الجمعيه الشرعيه,Legal Assembly Hospital,ar,False,Minya,Minya,28.084191,30.762435,native_osm,OSM,0.05,hospital_unspecified,private_or_unclassified_hospital,possible,20,map_only_unverified,low,1,False,1,OSM,OSM,,False,,,,False,True,no_phone,3.3,10.0,4,42.3,True,18,18
MIN017,مستشفى المبرة,مستشفي المبره,Al-Mabra Hospital,ar,False,Minya,Minya,28.096534,30.759458,native_osm,OSM,0.05,hospital_unspecified,public_general_hospital,likely,30,map_only_unverified,low,1,False,1,OSM,OSM,,False,,,,False,True,no_phone,3.3,10.0,4,52.3,True,16,16
MIN018,مستشفى العدوة العام,مستشفي العدوه العام,,ar,False,Minya,Minya,28.69543,30.774772,native_osm,OSM,0.05,general_hospital,public_general_hospital,likely,35,map_only_unverified,low,1,False,1,OSM,OSM,,False,,,,False,True,no_phone,3.3,10.0,4,62.3,True,14,14
MIN019,مستشفي العروة الوثقي,مستشفي العروه الوثقي,,ar,False,Minya,Minya,27.932463,30.821617,native_osm,OSM,0.05,hospital_unspecified,private_or_unclassified_hospital,possible,20,map_only_unverified,low,1,False,1,OSM,OSM,,False,,,,False,True,no_phone,3.3,10.0,4,42.3,True,19,19
MIN020,مستشفي الفكرية العام,مستشفي الفكريه العام,,ar,False,Minya,Minya,27.937202,30.823207,native_osm,OSM,0.05,general_hospital,public_general_hospital,likely,35,map_only_unverified,low,1,False,1,OSM,OSM,,False,,,,False,True,no_phone,3.3,10.0,4,62.3,True,15,15
MIN021,الراعي الصالح,الراعي الصالح,,ar,False,Minya,Minya,28.319136,30.70716,native_osm,OSM,0.05,hospital_unspecified,private_or_unclassified_hospital,possible,20,map_only_unverified,low,1,False,1,OSM,OSM,,False,,,,False,True,no_phone,3.3,10.0,4,42.3,True,20,20
MIN022,مستشفى جامعة المنيا,مستشفي جامعه المنيا,Al-Minya University hospital,ar,False,Minya,Minya,28.128345,30.739315,native_osm,OSM,0.05,university_hospital,university_general_hospital,likely,40,map_only_unverified,low,1,False,1,OSM,OSM,,False,,,,False,True,no_phone,3.3,10.0,4,67.3,True,13,13
MIN023,مستشفى المنيا للصحة النفسية,مستشفي المنيا للصحه النفسيه,Al-Minya Hospital for Mental Health,ar,False,Minya,Minya,28.07939,30.80702,native_osm,OSM,0.05,hospital_unspecified,private_or_unclassified_hospital,possible,20,map_only_unverified,low,1,False,1,OSM,OSM,,False,+20 862 294 071,+20 862 294 071,mobile,True,False,none,3.3,10.0,10,48.3,True,17,17
MIN024,الوحدة الصحية بالشرفا,الوحده الصحيه بالشرفا,,ar,False,Minya,Minya,28.116204,30.774387,native_osm,OSM,0.05,hospital_unspecified,private_or_unclassified_hospital,possible,20,map_only_unverified,low,1,False,1,OSM,OSM,,False,,,,False,True,no_phone,3.3,10.0,4,42.3,True,21,21
MIN025,دار ابو السعود الطبى بالشرفا,دار ابو السعود الطبي بالشرفا,,ar,False,Minya,Minya,28.116581,30.769108,native_osm,OSM,0.05,hospital_unspecified,private_or_unclassified_hospital,possible,20,map_only_unverified,low,1,False,1,OSM,OSM,,False,,,,False,True,no_phone,3.3,10.0,4,42.3,True,22,22
MIN026,الوحده الصحيه لقرية الحوارته,الوحده الصحيه لقريه الحوارته,,ar,False,Minya,Minya,28.160468,30.760714,native_osm,OSM,0.05,hospital_unspecified,private_or_unclassified_hospital,possible,20,map_only_unverified,low,1,False,1,OSM,OSM,,False,,,,False,True,no_phone,3.3,10.0,4,42.3,True,23,23
MIN027,AL DOODIA HEALTH OFFICE,AL DOODIA HEALTH OFFICE,,en,False,Minya,Minya,28.125911,30.746615,native_osm,OSM,0.05,hospital_unspecified,private_or_unclassified_hospital,possible,20,map_only_unverified,low,1,False,1,OSM,OSM,,False,,,,False,True,no_phone,3.3,10.0,4,42.3,True,24,24
