hospital_id,hospital_name,normalized_name,alternate_names,name_language,name_is_generic,governorate,district,latitude,longitude,coordinate_status,coordinate_source,coord_uncertainty_km,entity_type,facility_category,maternal_relevance,existence_status,confidence_level,confidence_rank,has_official_source,n_distinct_sources,primary_source,sources,address_clean,address_inferred,phone_primary,phone_all,phone_type,has_phone,review_flag,quality_flags,source_university,source_url,scraped_at
H206,المستشفى الجامعى,المستشفي الجامعي,,ar,True,Beni Suef,Beni Suef,29.0661,31.0994,approx_city_centre,imputed (governorate city centre),5.0,university_hospital,university_general_hospital,likely,official_listed,medium,2,True,1,University Hospitals,University Hospitals,"Beni Suef, Beni Suef",True,,,,False,True,coordinates_need_review;approx_coordinates;address_inferred;generic_name;no_phone,Beni-Suef University,https://www.bsu.edu.eg/Sector_Home.aspx?cat_id=51,2026-10-07
H207,وصف عام للمستشفي,وصف عام للمستشفي,,ar,False,Beni Suef,Beni Suef,29.0661,31.0994,approx_city_centre,imputed (governorate city centre),5.0,university_hospital,university_general_hospital,likely,official_listed,medium,2,True,1,University Hospitals,University Hospitals,"Beni Suef, Beni Suef",True,,,,False,True,coordinates_need_review;approx_coordinates;address_inferred;no_phone,Beni-Suef University,https://www.bsu.edu.eg/Content.aspx?section_id=2677&cat_id=51,2026-10-07
H208,نبذة عن المستشفي,نبذه عن المستشفي,,ar,False,Beni Suef,Beni Suef,29.0661,31.0994,approx_city_centre,imputed (governorate city centre),5.0,university_hospital,university_general_hospital,likely,official_listed,medium,2,True,1,University Hospitals,University Hospitals,"Beni Suef, Beni Suef",True,,,,False,True,coordinates_need_review;approx_coordinates;address_inferred;no_phone,Beni-Suef University,https://www.bsu.edu.eg/Content.aspx?section_id=2659&cat_id=51,2026-10-07
H209,مستشفى الحرم الجامعي,مستشفي الحرم الجامعي,,ar,False,Qena,Qena,26.1551,32.716,approx_city_centre,imputed (governorate city centre),5.0,university_hospital,university_general_hospital,likely,official_listed,medium,2,True,1,University Hospitals,University Hospitals,قنا ـ الكيلو 6 ـ جامعة جنوب الوادي ـ قطاع المستشفيات الجامعية ـ مستشفى الحرم الجامعي,False,096-3237405,096-3237405,landline,True,True,coordinates_need_review;approx_coordinates,South Valley University,https://www.svu.edu.eg/ar/hospitals/hos-units/unihos/,2026-10-07
H210,مستشفى وسط البلد الجامعي (المعبر),مستشفي وسط البلد الجامعي (المعبر),,ar,False,Qena,Qena,26.1551,32.716,approx_city_centre,imputed (governorate city centre),5.0,university_hospital,university_general_hospital,likely,official_listed,medium,2,True,1,University Hospitals,University Hospitals,قنا ـ وسط البلد ـ منطقة معبر الشباب ـ مستشفى قنا الجامعي,False,096-3345726,096-3345726,landline,True,True,coordinates_need_review;approx_coordinates,South Valley University,https://www.svu.edu.eg/ar/hospitals/hos-units/maabarhos/,2026-10-07
H211,نبذة عن مستشفيات قنا الجامعية,نبذه عن مستشفيات قنا الجامعيه,,ar,False,Qena,Qena,26.1551,32.716,approx_city_centre,imputed (governorate city centre),5.0,university_hospital,university_general_hospital,likely,official_listed,medium,2,True,1,University Hospitals,University Hospitals,"Qena, Qena",True,,,,False,True,coordinates_need_review;approx_coordinates;address_inferred;no_phone,South Valley University,https://www.svu.edu.eg/ar/hospitals/%D9%86%D8%A8%D8%B0%D8%A9-%D8%B9%D9%86-%D9%85%D8%B3%D8%AA%D8%B4%D9%81%D9%8A%D8%A7%D8%AA-%D9%82%D9%86%D8%A7-%D8%A7%D9%84%D8%AC%D8%A7%D9%85%D8%B9%D9%8A%D8%A9,2026-10-07
H212,مستشفيات جامعة أسوان,مستشفيات جامعه اسوان,,ar,False,Aswan,Aswan,24.086471,32.907474,geocoded_osm,OSM,0.3,university_hospital,university_general_hospital,likely,official_listed,medium,2,True,1,University Hospitals,University Hospitals,"Aswan, Aswan",True,097-3480901,097-3480901 | 097-4661403 | 097-2430767 | 097-3482767 | 097-3480245 | 097-3480449 | 097-2252169 | 097-3480446 | 097-2253605 | 097-3480450 | 097-3481234,landline,True,True,coordinates_need_review;address_inferred,Aswan University,https://aswu.edu.eg/services-aswu/medical-services/aswan-university-hospitals/,2026-10-07
H213,المستشفيات الجامعيه,المستشفيات الجامعيه,,ar,False,Fayoum,Fayoum,29.3084,30.8428,approx_city_centre,imputed (governorate city centre),5.0,university_hospital,university_general_hospital,likely,official_listed,medium,2,True,1,University Hospitals,University Hospitals,"Fayoum, Fayoum",True,,,,False,True,coordinates_need_review;approx_coordinates;address_inferred;no_phone,Fayoum University,https://www.fayoum.edu.eg/ar/Home/HospitalDetails/1,2026-10-07
H214,مستشفى بني سويف الجامعي,مستشفي بني سويف الجامعي,,ar,False,Beni Suef,Beni Suef,29.0661,31.0994,approx_city_centre,imputed (governorate city centre),5.0,university_hospital,university_general_hospital,possible,official_listed,medium,2,True,1,University Hospitals,University Hospitals,"Beni Suef, Beni Suef",True,,,,False,True,coordinates_need_review;approx_coordinates;address_inferred;no_phone,Beni-Suef University,https://www.bsu.edu.eg/Sector_Home.aspx?cat_id=51,2026-10-07
H215,مستشفى الحرم الجامعي - جامعة جنوب الوادي,مستشفي الحرم الجامعي - جامعه جنوب الوادي,,ar,False,Qena,Qena,26.1551,32.716,approx_city_centre,imputed (governorate city centre),5.0,university_hospital,university_general_hospital,possible,official_listed,medium,2,True,1,University Hospitals,University Hospitals,"Qena, Qena",True,,,,False,True,coordinates_need_review;approx_coordinates;address_inferred;no_phone,South Valley University,https://www.svu.edu.eg/ar/hospitals/hos-units/unihos/,2026-10-07
H216,مستشفى وسط البلد الجامعي (المعبر) - جامعة جنوب الوادي,مستشفي وسط البلد الجامعي (المعبر) - جامعه جنوب الوادي,,ar,False,Qena,Qena,26.1551,32.716,approx_city_centre,imputed (governorate city centre),5.0,university_hospital,university_general_hospital,possible,official_listed,medium,2,True,1,University Hospitals,University Hospitals,"Qena, Qena",True,,,,False,True,coordinates_need_review;approx_coordinates;address_inferred;no_phone,South Valley University,https://www.svu.edu.eg/ar/hospitals/hos-units/maabarhos/,2026-10-07
H217,مستشفى المرزوق للطوارئ والإصابات - جامعة جنوب الوادي,مستشفي المرزوق للطوارئ والاصابات - جامعه جنوب الوادي,,ar,False,Qena,Qena,26.1551,32.716,approx_city_centre,imputed (governorate city centre),5.0,university_hospital,specialty_hospital_non_maternal,unlikely,official_listed,medium,2,True,1,University Hospitals,University Hospitals,"Qena, Qena",True,,,,False,True,coordinates_need_review;approx_coordinates;address_inferred;no_phone,South Valley University,https://www.svu.edu.eg/,2026-10-07
H218,المستشفى الجامعي - جامعة الأقصر (قيد الإنشاء),المستشفي الجامعي - جامعه الاقصر (قيد الانشاء),,ar,False,Luxor,New Thebes,25.6872,32.6396,approx_city_centre,imputed (governorate city centre),5.0,university_hospital,university_general_hospital,possible,planned_not_operational,low,1,False,1,News,News,"New Thebes, Luxor",True,,,,False,True,coordinates_need_review;approx_coordinates;address_inferred;existence_unverified;not_operational;no_phone,Luxor University,https://www.maspero.eg/egypt/2025/11/10/904291/عاشور-يتفقد-الأعمال-الإنشائية-الجارية-بالمستشفى-الجامعي-لجامعة-الأقصر,2026-10-07
H219,مستشفى أسوان الجامعي,مستشفي اسوان الجامعي,,ar,False,Aswan,Aswan,24.0889,32.8998,approx_city_centre,imputed (governorate city centre),5.0,university_hospital,university_general_hospital,possible,official_listed,medium,2,True,1,University Hospitals,University Hospitals,"Aswan, Aswan",True,,,,False,True,coordinates_need_review;approx_coordinates;address_inferred;no_phone,Aswan University,https://aswu.edu.eg/services-aswu/medical-services/aswan-university-hospitals/,2026-10-07
H220,مستشفى الجراحة الجامعي - جامعة الفيوم,مستشفي الجراحه الجامعي - جامعه الفيوم,,ar,False,Fayoum,Fayoum,29.3084,30.8428,approx_city_centre,imputed (governorate city centre),5.0,university_hospital,university_general_hospital,possible,official_listed,medium,2,True,1,University Hospitals,University Hospitals,"Fayoum, Fayoum",True,,,,False,True,coordinates_need_review;approx_coordinates;address_inferred;no_phone,Fayoum University,https://www.fayoum.edu.eg/ar/Home/HospitalDetails/1,2026-10-07
H221,مستشفى الباطنة الجامعي - جامعة الفيوم,مستشفي الباطنه الجامعي - جامعه الفيوم,,ar,False,Fayoum,Fayoum,29.3084,30.8428,approx_city_centre,imputed (governorate city centre),5.0,university_hospital,university_general_hospital,possible,official_listed,medium,2,True,1,University Hospitals,University Hospitals,"Fayoum, Fayoum",True,,,,False,True,coordinates_need_review;approx_coordinates;address_inferred;no_phone,Fayoum University,https://www.fayoum.edu.eg/ar/Home/HospitalDetails/1,2026-10-07
H222,مستشفى مصطفى حسن للأطفال - جامعة الفيوم,مستشفي مصطفي حسن للاطفال - جامعه الفيوم,,ar,False,Fayoum,Fayoum,29.3084,30.8428,approx_city_centre,imputed (governorate city centre),5.0,university_hospital,specialty_hospital_non_maternal,unlikely,official_listed,medium,2,True,1,University Hospitals,University Hospitals,"Fayoum, Fayoum",True,,,,False,True,coordinates_need_review;approx_coordinates;address_inferred;no_phone,Fayoum University,https://www.fayoum.edu.eg/ar/Home/HospitalDetails/1,2026-10-07
